{
    "ur5e_1_config": [
        [
            -2.04893,
            -2.50817,
            -0.00758,
            -1.96019,
            1.51035,
            1.0796
        ],
        [
            -1.8152335325824183,
            -2.732894559899801,
            -0.5337811708450317,
            -1.1349691313556214,
            1.0154942274093628,
            1.1909868717193604
        ],
        [
            -2.29237,
            -2.50413,
            -0.76933,
            -1.37775,
            1.53721,
            -0.74012
        ],
        [
            -1.54191,
            -1.8467,
            -2.39349,
            0.27255,
            0.80462,
            0.63606
        ],
        [
            -1.51508,
            -2.15687,
            -1.61078,
            -0.84643,
            0.68978,
            1.52553
        ],
        [
            -0.13548,
            -1.67402,
            -1.56538,
            -2.86094,
            1.10085,
            1.63128
        ],
        [
            -1.4104,
            -1.74145,
            -0.18662,
            -2.55688,
            1.09938,
            1.80797
        ]
    ],
    "ur5e_2_config": [
        [
            -0.8205187956439417,
            -1.2987452906421204,
            1.6149581114398401,
            1.2546507555195312,
            1.5661633014678955,
            -2.3924387137042444
        ],
        [
            -0.8205350081073206,
            -1.2987571519664307,
            1.6149199644671839,
            1.2547008234211425,
            1.5661823749542236,
            -2.3924277464496058
        ],
        [
            -0.8205226103412073,
            -1.2987489265254517,
            1.6149151960956019,
            1.2546543317982177,
            1.566178798675537,
            -2.392412249241964
        ],
        [
            -0.8205154577838343,
            -1.2987453204444428,
            1.6149233023272913,
            1.254685326213501,
            1.5661633014678955,
            -2.392419401799337
        ],
        [
            -0.8205388228045862,
            -1.2987489265254517,
            1.614939037953512,
            1.2547008234211425,
            1.5661978721618652,
            -2.392412249241964
        ],
        [
            -0.8205187956439417,
            -1.298733339910843,
            1.614927117024557,
            1.2546817499348144,
            1.566178798675537,
            -2.3924313227282923
        ],
        [
            -0.820538345967428,
            -1.298736886387207,
            1.6149357000934046,
            1.254685326213501,
            1.5661752223968506,
            -2.3924277464496058
        ]
    ],
    "block_positions": [
        [
            -0.714558744801322,
            -0.6502584755216889
        ],
        [
            -0.8251677788617684,
            -0.7955913271247204
        ],
        [
            -0.6503464987730687,
            -0.8504857178828038
        ],
        [
            -0.5847285911075297,
            -0.9019155023491182
        ],
        [
            -0.8860831421634642,
            -0.7480446864412416
        ]
    ],
    "images_depth": [
        "depth_0.npy",
        "depth_1.npy",
        "depth_2.npy",
        "depth_3.npy",
        "depth_4.npy",
        "depth_5.npy",
        "depth_6.npy"
    ],
    "images_rgb": [
        "image_0.npy",
        "image_1.npy",
        "image_2.npy",
        "image_3.npy",
        "image_4.npy",
        "image_5.npy",
        "image_6.npy"
    ]
}