{
    "ur5e_1_config": [
        [
            -2.04893,
            -2.50817,
            -0.00758,
            -1.96019,
            1.51035,
            1.0796
        ],
        [
            -1.8152335325824183,
            -2.732894559899801,
            -0.5337811708450317,
            -1.1349691313556214,
            1.0154942274093628,
            1.1909868717193604
        ],
        [
            -2.29237,
            -2.50413,
            -0.76933,
            -1.37775,
            1.53721,
            -0.74012
        ],
        [
            -1.54191,
            -1.8467,
            -2.39349,
            0.27255,
            0.80462,
            0.63606
        ],
        [
            -1.51508,
            -2.15687,
            -1.61078,
            -0.84643,
            0.68978,
            1.52553
        ],
        [
            -0.13548,
            -1.67402,
            -1.56538,
            -2.86094,
            1.10085,
            1.63128
        ],
        [
            -1.4104,
            -1.74145,
            -0.18662,
            -2.55688,
            1.09938,
            1.80797
        ]
    ],
    "ur5e_2_config": [
        [
            -0.8203032652484339,
            -1.7658630810179652,
            2.1023510138141077,
            -1.9072839222350062,
            -1.5662787596331995,
            -5.532178107892172
        ],
        [
            -0.8203352133380335,
            -1.7658902607359828,
            2.1023739019977015,
            -1.9073063335814417,
            -1.5662949720965784,
            -5.532178107892172
        ],
        [
            -0.8203352133380335,
            -1.7658597431578578,
            2.10234243074526,
            -1.9073063335814417,
            -1.5662596861468714,
            -5.532193485890524
        ],
        [
            -0.8203352133380335,
            -1.7658783398070277,
            2.1023510138141077,
            -1.9073182545103968,
            -1.5662630240069788,
            -5.532193485890524
        ],
        [
            -0.8203194777118128,
            -1.7658750019469203,
            2.102370564137594,
            -1.9072753391661585,
            -1.5662749449359339,
            -5.532196942959921
        ],
        [
            -0.8203352133380335,
            -1.7658750019469203,
            2.102362934743063,
            -1.9073063335814417,
            -1.5662825743304651,
            -5.532193485890524
        ],
        [
            -0.8203313986407679,
            -1.7658902607359828,
            2.102370087300436,
            -1.9073182545103968,
            -1.5662983099566858,
            -5.532178107892172
        ]
    ],
    "block_positions": [
        [
            -0.5704927803934814,
            -0.678762174645723
        ],
        [
            -0.7424131875766973,
            -0.5684925211635881
        ],
        [
            -0.6822281992415414,
            -0.9742665351707773
        ]
    ],
    "images_depth": [
        "depth_0.npy",
        "depth_1.npy",
        "depth_2.npy",
        "depth_3.npy",
        "depth_4.npy",
        "depth_5.npy",
        "depth_6.npy"
    ],
    "images_rgb": [
        "image_0.npy",
        "image_1.npy",
        "image_2.npy",
        "image_3.npy",
        "image_4.npy",
        "image_5.npy",
        "image_6.npy"
    ]
}