{
    "ur5e_1_config": [
        [
            -2.04893,
            -2.50817,
            -0.00758,
            -1.96019,
            1.51035,
            1.0796
        ],
        [
            -2.29237,
            -2.50413,
            -0.76933,
            -1.37775,
            1.53721,
            -0.74012
        ],
        [
            -1.54191,
            -1.8467,
            -2.39349,
            0.27255,
            0.80462,
            0.63606
        ],
        [
            -1.51508,
            -2.15687,
            -1.61078,
            -0.84643,
            0.68978,
            1.52553
        ],
        [
            -0.13548,
            -1.67402,
            -1.56538,
            -2.86094,
            1.10085,
            1.63128
        ],
        [
            -1.4104,
            -1.74145,
            -0.18662,
            -2.55688,
            1.09938,
            1.80797
        ]
    ],
    "ur5e_2_config": [
        [
            -0.8205350081073206,
            -1.2987489265254517,
            1.6149080435382288,
            1.2546889024921875,
            1.5661823749542236,
            -2.3924158255206507
        ],
        [
            -0.820531193410055,
            -1.2987489265254517,
            1.614892307912008,
            1.2546543317982177,
            1.5661979913711548,
            -2.3923965136157435
        ],
        [
            -0.8205350081073206,
            -1.2987489265254517,
            1.614939037953512,
            1.2546734052845459,
            1.5661633014678955,
            -2.3924158255206507
        ],
        [
            -0.8205350081073206,
            -1.2987643045238038,
            1.6149233023272913,
            1.2546543317982177,
            1.5661823749542236,
            -2.392412249241964
        ],
        [
            -0.8205350081073206,
            -1.2987681192210694,
            1.6149581114398401,
            1.2546731668659667,
            1.566178798675537,
            -2.3924158255206507
        ],
        [
            -0.8205154577838343,
            -1.2987489265254517,
            1.614927117024557,
            1.254685326213501,
            1.5661907196044922,
            -2.3924387137042444
        ]
    ],
    "block_positions": [
        [
            -0.5819493446284065,
            -0.7611109713441154
        ],
        [
            -0.8128847526722455,
            -0.7613859925984217
        ]
    ],
    "images_depth": [
        "depth_0.npy",
        "depth_2.npy",
        "depth_3.npy",
        "depth_4.npy",
        "depth_5.npy",
        "depth_6.npy"
    ],
    "images_rgb": [
        "image_0.npy",
        "image_2.npy",
        "image_3.npy",
        "image_4.npy",
        "image_5.npy",
        "image_6.npy"
    ]
}