{
    "ur5e_1_config": [
        [
            -2.04893,
            -2.50817,
            -0.00758,
            -1.96019,
            1.51035,
            1.0796
        ],
        [
            -1.8152335325824183,
            -2.732894559899801,
            -0.5337811708450317,
            -1.1349691313556214,
            1.0154942274093628,
            1.1909868717193604
        ],
        [
            -2.29237,
            -2.50413,
            -0.76933,
            -1.37775,
            1.53721,
            -0.74012
        ],
        [
            -1.54191,
            -1.8467,
            -2.39349,
            0.27255,
            0.80462,
            0.63606
        ],
        [
            -1.51508,
            -2.15687,
            -1.61078,
            -0.84643,
            0.68978,
            1.52553
        ],
        [
            -0.13548,
            -1.67402,
            -1.56538,
            -2.86094,
            1.10085,
            1.63128
        ],
        [
            -1.4104,
            -1.74145,
            -0.18662,
            -2.55688,
            1.09938,
            1.80797
        ]
    ],
    "ur5e_2_config": [
        [
            -3.300006691609518,
            -1.842024942437643,
            -1.6191166639328003,
            1.8903209406086425,
            -1.575235668812887,
            -1.7255895773517054
        ],
        [
            -3.300013844166891,
            -1.842053075829977,
            -1.619085431098938,
            1.8903209406086425,
            -1.5752318541156214,
            -1.7256124655352991
        ],
        [
            -3.300013844166891,
            -1.842036863366598,
            -1.61910080909729,
            1.8903087812611084,
            -1.5752008597003382,
            -1.7256086508380335
        ],
        [
            -3.3000293413745325,
            -1.842036863366598,
            -1.6191201210021973,
            1.890324516887329,
            -1.5752437750445765,
            -1.7256086508380335
        ],
        [
            -3.3000221888171595,
            -1.8420211277403773,
            -1.6191129684448242,
            1.8903087812611084,
            -1.575235668812887,
            -1.7256086508380335
        ],
        [
            -3.300006691609518,
            -1.842036863366598,
            -1.6191238164901733,
            1.8903483587452392,
            -1.5752280394183558,
            -1.725605312977926
        ],
        [
            -3.3000102678882044,
            -1.8420216045775355,
            -1.619139313697815,
            1.8902944761463623,
            -1.5752318541156214,
            -1.7256086508380335
        ]
    ],
    "block_positions": [
        [
            -0.5697740562133533,
            -0.6269083356239186
        ],
        [
            -0.8648955432281734,
            -0.567338658094865
        ],
        [
            -0.6626525500246634,
            -0.7184191074552763
        ],
        [
            -0.7207938053241909,
            -0.9384903198465184
        ],
        [
            -0.7916540195224564,
            -0.6984228281092377
        ]
    ],
    "images_depth": [
        "depth_0.npy",
        "depth_1.npy",
        "depth_2.npy",
        "depth_3.npy",
        "depth_4.npy",
        "depth_5.npy",
        "depth_6.npy"
    ],
    "images_rgb": [
        "image_0.npy",
        "image_1.npy",
        "image_2.npy",
        "image_3.npy",
        "image_4.npy",
        "image_5.npy",
        "image_6.npy"
    ]
}