{
    "ur5e_1_config": [
        [
            -2.04893,
            -2.50817,
            -0.00758,
            -1.96019,
            1.51035,
            1.0796
        ],
        [
            -1.8152335325824183,
            -2.732894559899801,
            -0.5337811708450317,
            -1.1349691313556214,
            1.0154942274093628,
            1.1909868717193604
        ],
        [
            -2.29237,
            -2.50413,
            -0.76933,
            -1.37775,
            1.53721,
            -0.74012
        ],
        [
            -1.54191,
            -1.8467,
            -2.39349,
            0.27255,
            0.80462,
            0.63606
        ],
        [
            -1.51508,
            -2.15687,
            -1.61078,
            -0.84643,
            0.68978,
            1.52553
        ],
        [
            -0.13548,
            -1.67402,
            -1.56538,
            -2.86094,
            1.10085,
            1.63128
        ],
        [
            -1.4104,
            -1.74145,
            -0.18662,
            -2.55688,
            1.09938,
            1.80797
        ]
    ],
    "ur5e_2_config": [
        [
            -0.8203347365008753,
            -1.7658664188780726,
            2.102370087300436,
            -1.9072944126524867,
            -1.566275421773092,
            0.7509918212890625
        ],
        [
            -0.8203352133380335,
            -1.7658473453917445,
            2.102358643208639,
            -1.9073134861388148,
            -1.5662668387042444,
            0.7510073781013489
        ],
        [
            -0.8203352133380335,
            -1.7658473453917445,
            2.102370087300436,
            -1.9073182545103968,
            -1.5662911573993128,
            0.7509954571723938
        ],
        [
            -0.8203232924090784,
            -1.7658597431578578,
            2.10234243074526,
            -1.9073063335814417,
            -1.5662787596331995,
            0.7509918212890625
        ],
        [
            -0.8203156630145472,
            -1.7658630810179652,
            2.1023619810687464,
            -1.9073029957213343,
            -1.5662911573993128,
            0.7509918212890625
        ],
        [
            -0.8203194777118128,
            -1.7658630810179652,
            2.1023266951190394,
            -1.9073029957213343,
            -1.5662911573993128,
            0.7509918212890625
        ],
        [
            -0.8203194777118128,
            -1.7658473453917445,
            2.10234243074526,
            -1.9073182545103968,
            -1.5662944952594202,
            0.7509881854057312
        ]
    ],
    "block_positions": [
        [
            -0.8760166241541324,
            -0.5625214067548114
        ],
        [
            -0.6570738268919061,
            -0.8333343773204196
        ],
        [
            -0.593510900339608,
            -0.5524996863075905
        ]
    ],
    "images_depth": [
        "depth_0.npy",
        "depth_1.npy",
        "depth_2.npy",
        "depth_3.npy",
        "depth_4.npy",
        "depth_5.npy",
        "depth_6.npy"
    ],
    "images_rgb": [
        "image_0.npy",
        "image_1.npy",
        "image_2.npy",
        "image_3.npy",
        "image_4.npy",
        "image_5.npy",
        "image_6.npy"
    ]
}