{
    "ur5e_1_config": [
        [
            -2.04893,
            -2.50817,
            -0.00758,
            -1.96019,
            1.51035,
            1.0796
        ],
        [
            -1.8152335325824183,
            -2.732894559899801,
            -0.5337811708450317,
            -1.1349691313556214,
            1.0154942274093628,
            1.1909868717193604
        ],
        [
            -2.29237,
            -2.50413,
            -0.76933,
            -1.37775,
            1.53721,
            -0.74012
        ],
        [
            -1.54191,
            -1.8467,
            -2.39349,
            0.27255,
            0.80462,
            0.63606
        ],
        [
            -1.51508,
            -2.15687,
            -1.61078,
            -0.84643,
            0.68978,
            1.52553
        ],
        [
            -0.13548,
            -1.67402,
            -1.56538,
            -2.86094,
            1.10085,
            1.63128
        ],
        [
            -1.4104,
            -1.74145,
            -0.18662,
            -2.55688,
            1.09938,
            1.80797
        ]
    ],
    "ur5e_2_config": [
        [
            -0.8203032652484339,
            -1.7658473453917445,
            2.102370564137594,
            -1.9073339901366175,
            -1.5662787596331995,
            0.7509763836860657
        ],
        [
            -0.8203347365008753,
            -1.7658664188780726,
            2.1023548285113733,
            -1.9072872600951136,
            -1.5662630240069788,
            0.7509763240814209
        ],
        [
            -0.8203347365008753,
            -1.7658630810179652,
            2.1023548285113733,
            -1.9073215923705042,
            -1.5662749449359339,
            0.7509763240814209
        ],
        [
            -0.8203156630145472,
            -1.7658630810179652,
            2.1023548285113733,
            -1.9073254070677699,
            -1.5662983099566858,
            0.7510073184967041
        ],
        [
            -0.8203352133380335,
            -1.7658630810179652,
            2.1023548285113733,
            -1.9073254070677699,
            -1.5662825743304651,
            0.7509918212890625
        ],
        [
            -0.8203352133380335,
            -1.7658783398070277,
            2.10234243074526,
            -1.907283445397848,
            -1.5662749449359339,
            0.7509918212890625
        ],
        [
            -0.8203194777118128,
            -1.7658435306944789,
            2.1023548285113733,
            -1.9073063335814417,
            -1.5662911573993128,
            0.7509918212890625
        ]
    ],
    "block_positions": [
        [
            -0.680934194804572,
            -0.6545698543292402
        ],
        [
            -0.7612300056903806,
            -0.6665378262294328
        ],
        [
            -0.6116922040841011,
            -0.7041183257350765
        ],
        [
            -0.8867969814257102,
            -0.5625645773373732
        ],
        [
            -0.8325734751053526,
            -0.6123512155315836
        ]
    ],
    "images_depth": [
        "depth_0.npy",
        "depth_1.npy",
        "depth_2.npy",
        "depth_3.npy",
        "depth_4.npy",
        "depth_5.npy",
        "depth_6.npy"
    ],
    "images_rgb": [
        "image_0.npy",
        "image_1.npy",
        "image_2.npy",
        "image_3.npy",
        "image_4.npy",
        "image_5.npy",
        "image_6.npy"
    ]
}