{
    "ur5e_1_config": [
        [
            -2.04893,
            -2.50817,
            -0.00758,
            -1.96019,
            1.51035,
            1.0796
        ],
        [
            -1.8152335325824183,
            -2.732894559899801,
            -0.5337811708450317,
            -1.1349691313556214,
            1.0154942274093628,
            1.1909868717193604
        ],
        [
            -2.29237,
            -2.50413,
            -0.76933,
            -1.37775,
            1.53721,
            -0.74012
        ],
        [
            -1.54191,
            -1.8467,
            -2.39349,
            0.27255,
            0.80462,
            0.63606
        ],
        [
            -1.51508,
            -2.15687,
            -1.61078,
            -0.84643,
            0.68978,
            1.52553
        ],
        [
            -0.13548,
            -1.67402,
            -1.56538,
            -2.86094,
            1.10085,
            1.63128
        ],
        [
            -1.4104,
            -1.74145,
            -0.18662,
            -2.55688,
            1.09938,
            1.80797
        ]
    ],
    "ur5e_2_config": [
        [
            -0.8203352133380335,
            -1.7658597431578578,
            2.102377716694967,
            -1.907299657861227,
            -1.5662749449359339,
            -5.532177929078237
        ],
        [
            -0.8203347365008753,
            -1.7658630810179652,
            2.1023548285113733,
            -1.9073096714415492,
            -1.5662825743304651,
            -5.532177929078237
        ],
        [
            -0.8203194777118128,
            -1.765850683251852,
            2.1023386160479944,
            -1.9073063335814417,
            -1.5662983099566858,
            -5.532174293194906
        ],
        [
            -0.8203313986407679,
            -1.7658473453917445,
            2.1023510138141077,
            -1.9072877369322718,
            -1.5662511030780237,
            -5.532193485890524
        ],
        [
            -0.8203194777118128,
            -1.7658630810179652,
            2.1023829619037073,
            -1.9073215923705042,
            -1.5662630240069788,
            -5.532197121773855
        ],
        [
            -0.8203194777118128,
            -1.7658597431578578,
            2.102358643208639,
            -1.9073406658568324,
            -1.5662787596331995,
            -5.532193485890524
        ],
        [
            -0.8203194777118128,
            -1.7658473453917445,
            2.10234243074526,
            -1.9073215923705042,
            -1.5662825743304651,
            -5.532193485890524
        ]
    ],
    "block_positions": [
        [
            -0.7790291665714284,
            -0.6713480412382555
        ],
        [
            -0.8568839852670661,
            -0.8609813374380975
        ],
        [
            -0.6115820713128135,
            -0.6275398222700586
        ],
        [
            -0.6825383264765225,
            -0.724556729490625
        ],
        [
            -0.554844955379177,
            -0.7012977091125567
        ]
    ],
    "images_depth": [
        "depth_0.npy",
        "depth_1.npy",
        "depth_2.npy",
        "depth_3.npy",
        "depth_4.npy",
        "depth_5.npy",
        "depth_6.npy"
    ],
    "images_rgb": [
        "image_0.npy",
        "image_1.npy",
        "image_2.npy",
        "image_3.npy",
        "image_4.npy",
        "image_5.npy",
        "image_6.npy"
    ]
}